Date,Date,day,month,year,usa_daily_cases,deaths,countriesAndTerritories,geoId,countryterritoryCode,popData2019,continentExp,Cumulative_number_for_14_days_of_COVID-19_cases_per_100000,usa_cases_ma7,usa_cases_ma14,usa_cases_ma21,usa_cases_ma28
2020-11-24,2020-11-24,24,11,2020,173963,919,United_States_of_America,US,USA,329064917.0,America,702.0863911,,,,
2020-11-23,2020-11-23,23,11,2020,157471,883,United_States_of_America,US,USA,329064917.0,America,691.4313506,,,,
2020-11-22,2020-11-22,22,11,2020,175494,1486,United_States_of_America,US,USA,329064917.0,America,677.2159184999999,,,,
2020-11-21,2020-11-21,21,11,2020,196117,1858,United_States_of_America,US,USA,329064917.0,America,660.7811674,,,,
2020-11-20,2020-11-20,20,11,2020,188020,2018,United_States_of_America,US,USA,329064917.0,America,640.8781037,,,,
2020-11-19,2020-11-19,19,11,2020,170005,1850,United_States_of_America,US,USA,329064917.0,America,620.9476897999999,,,,
2020-11-18,2020-11-18,18,11,2020,154316,1467,United_States_of_America,US,USA,329064917.0,America,600.4356277,173626.57142857142,,,
2020-11-17,2020-11-17,17,11,2020,168425,1006,United_States_of_America,US,USA,329064917.0,America,581.7213872000001,172835.42857142858,,,
2020-11-16,2020-11-16,16,11,2020,132170,614,United_States_of_America,US,USA,329064917.0,America,556.0298,169221.0,,,
2020-11-15,2020-11-15,15,11,2020,165277,1255,United_States_of_America,US,USA,329064917.0,America,540.4799807,167761.42857142858,,,
2020-11-14,2020-11-14,14,11,2020,184813,1915,United_States_of_America,US,USA,329064917.0,America,514.2410851,166146.57142857142,,,
2020-11-13,2020-11-13,13,11,2020,153669,630,United_States_of_America,US,USA,329064917.0,America,488.8539972,161239.2857142857,,,
2020-12-11,2020-12-11,12,11,2020,143306,2117,United_States_of_America,US,USA,329064917.0,America,468.93725839999996,157425.14285714287,,,
2020-11-11,2020-11-11,11,11,2020,147274,1432,United_States_of_America,US,USA,329064917.0,America,449.20407,156419.14285714287,165022.85714285713,,
2020-10-11,2020-10-11,10,11,2020,138901,679,United_States_of_America,US,USA,329064917.0,America,427.27982460000004,152201.42857142858,162518.42857142858,,
2020-09-11,2020-09-11,9,11,2020,110693,459,United_States_of_America,US,USA,329064917.0,America,405.8427171,149133.2857142857,159177.14285714287,,
2020-08-11,2020-08-11,8,11,2020,121413,1014,United_States_of_America,US,USA,329064917.0,America,390.2673709,142867.0,155314.2142857143,,
2020-07-11,2020-07-11,7,11,2020,130623,1162,United_States_of_America,US,USA,329064917.0,America,378.6110082,135125.57142857142,150636.07142857142,,
2020-06-11,2020-06-11,6,11,2020,122436,1208,United_States_of_America,US,USA,329064917.0,America,364.84655089999995,130663.71428571429,145951.5,,
2020-05-11,2020-05-11,5,11,2020,102507,1102,United_States_of_America,US,USA,329064917.0,America,349.53710970000003,124835.28571428571,141130.2142857143,,
2020-04-11,2020-04-11,4,11,2020,92734,1076,United_States_of_America,US,USA,329064917.0,America,337.5245864,117043.85714285714,136731.5,149029.85714285713,
2020-03-11,2020-03-11,3,11,2020,83883,555,United_States_of_America,US,USA,329064917.0,America,327.1360587,109184.14285714286,130692.78571428571,144740.33333333334,
2020-02-11,2020-02-11,2,11,2020,81001,440,United_States_of_America,US,USA,329064917.0,America,319.92684289999994,104942.42857142857,127037.85714285714,141098.90476190476,
2020-01-11,2020-01-11,1,11,2020,78934,848,United_States_of_America,US,USA,329064917.0,America,309.8504117,98874.0,120870.5,136500.80952380953,
2020-10-31,2020-10-31,31,10,2020,101273,1040,United_States_of_America,US,USA,329064917.0,America,303.0666438,94681.14285714286,114903.35714285714,131984.42857142858,
2020-10-30,2020-10-30,30,10,2020,88130,968,United_States_of_America,US,USA,329064917.0,America,293.64084410000004,89780.28571428571,110222.0,127227.76190476191,
2020-10-29,2020-10-29,29,10,2020,78371,977,United_States_of_America,US,USA,329064917.0,America,286.2426079,86332.28571428571,105583.78571428571,122864.23809523809,
2020-10-28,2020-10-28,28,10,2020,75129,988,United_States_of_America,US,USA,329064917.0,America,280.4732295,83817.28571428571,100430.57142857143,119093.42857142857,132726.7142857143
2020-10-27,2020-10-27,27,10,2020,68359,505,United_States_of_America,US,USA,329064917.0,America,273.6016371,81599.57142857143,95391.85714285714,114328.38095238095,128955.14285714286
2020-10-26,2020-10-26,26,10,2020,59440,331,United_States_of_America,US,USA,329064917.0,America,265.48591319999997,78519.42857142857,91730.92857142857,110865.04761904762,125454.03571428571
2020-10-25,2020-10-25,25,10,2020,83056,904,United_States_of_America,US,USA,329064917.0,America,260.67136170000003,79108.28571428571,88991.14285714286,106949.76190476191,122152.67857142857
2020-10-24,2020-10-24,24,10,2020,85329,953,United_States_of_America,US,USA,329064917.0,America,251.9238476,76830.57142857143,85755.85714285714,102212.42857142857,118195.96428571429
2020-10-23,2020-10-23,23,10,2020,72058,841,United_States_of_America,US,USA,329064917.0,America,243.6437185,74534.57142857143,82157.42857142857,98326.19047619047,114054.46428571429
2020-10-22,2020-10-22,22,10,2020,62978,1135,United_States_of_America,US,USA,329064917.0,America,239.00694339999998,72335.57142857143,79333.92857142857,94501.04761904762,110232.07142857143
2020-10-21,2020-10-21,21,10,2020,58549,933,United_States_of_America,US,USA,329064917.0,America,234.5105662,69967.0,76892.14285714286,90276.04761904762,106811.82142857143
2020-10-20,2020-10-20,20,10,2020,60160,459,United_States_of_America,US,USA,329064917.0,America,229.8042,68795.71428571429,75197.64285714286,86526.47619047618,102945.21428571429
2020-10-19,2020-10-19,19,10,2020,47843,385,United_States_of_America,US,USA,329064917.0,America,223.89199269999997,67139.0,72829.21428571429,83533.61904761905,99933.53571428571
2020-10-18,2020-10-18,18,10,2020,56611,690,United_States_of_America,US,USA,329064917.0,America,219.95903019999997,63361.142857142855,71234.71428571429,80447.80952380953,96052.60714285714
2020-10-17,2020-10-17,17,10,2020,70256,899,United_States_of_America,US,USA,329064917.0,America,218.1502685,61207.857142857145,69019.21428571429,77573.19047619047,91961.28571428571
2020-10-16,2020-10-16,16,10,2020,63785,828,United_States_of_America,US,USA,329064917.0,America,213.35334269999996,60026.0,67280.28571428571,74780.28571428571,88751.14285714286
2020-10-15,2020-10-15,15,10,2020,59386,970,United_States_of_America,US,USA,329064917.0,America,207.57515149999998,59512.857142857145,65924.21428571429,72726.90476190476,85754.0
2020-10-14,2020-10-14,14,10,2020,52517,817,United_States_of_America,US,USA,329064917.0,America,202.2862255,58651.142857142855,64309.07142857143,70811.80952380953,82369.82142857143
2020-10-13,2020-10-13,13,10,2020,41653,314,United_States_of_America,US,USA,329064917.0,America,199.3992571,56007.28571428572,62401.5,68800.85714285714,78896.67857142857
2020-12-10,2020-12-10,12,10,2020,43597,394,United_States_of_America,US,USA,329064917.0,America,196.769077,55400.71428571428,61269.857142857145,67019.71428571429,76500.39285714286
2020-11-10,2020-11-10,11,10,2020,54271,590,United_States_of_America,US,USA,329064917.0,America,194.53577909999998,55066.42857142857,59213.78571428572,65845.28571428571,74102.46428571429
2020-10-10,2020-10-10,10,10,2020,58082,1014,United_States_of_America,US,USA,329064917.0,America,191.83023390000002,53327.28571428572,57267.57142857143,63788.57142857143,71511.71428571429
2020-09-10,2020-09-10,9,10,2020,56800,972,United_States_of_America,US,USA,329064917.0,America,190.89759119999997,52329.42857142857,56177.71428571428,62296.666666666664,69167.57142857143
2020-08-10,2020-08-10,8,10,2020,48182,892,United_States_of_America,US,USA,329064917.0,America,187.07251010000002,50728.857142857145,55120.857142857145,60859.09523809524,67227.39285714286
2020-07-10,2020-07-10,7,10,2020,43062,717,United_States_of_America,US,USA,329064917.0,America,183.95701540000002,49378.142857142855,54014.642857142855,59332.09523809524,65453.392857142855
2020-06-10,2020-06-10,6,10,2020,40705,398,United_States_of_America,US,USA,329064917.0,America,182.5120118,49242.71428571428,52625.0,58015.23809523809,63911.32142857143
2020-05-10,2020-05-10,5,10,2020,34901,400,United_States_of_America,US,USA,329064917.0,America,186.294852,48000.42857142857,51700.57142857143,56846.71428571428,62264.892857142855
2020-04-10,2020-04-10,4,10,2020,50659,678,United_States_of_America,US,USA,329064917.0,America,187.7994183,47484.42857142857,51275.42857142857,55304.0,61255.07142857143
2020-03-10,2020-03-10,3,10,2020,54471,908,United_States_of_America,US,USA,329064917.0,America,184.64988780000002,46968.57142857143,50147.92857142857,53834.57142857143,59583.57142857143
2020-02-10,2020-02-10,2,10,2020,44771,880,United_States_of_America,US,USA,329064917.0,America,183.3547026,45250.142857142855,48789.78571428572,52535.19047619047,58035.03571428572
2020-01-10,2020-01-10,1,10,2020,41982,930,United_States_of_America,US,USA,329064917.0,America,182.98881740000002,44364.42857142857,47546.642857142855,51535.380952380954,56735.42857142857
2020-09-30,2020-09-30,30,9,2020,43017,928,United_States_of_America,US,USA,329064917.0,America,177.70596919999997,44358.0,46868.07142857143,50795.76190476191,55588.57142857143
2020-09-29,2020-09-29,29,9,2020,32998,314,United_States_of_America,US,USA,329064917.0,America,180.2756749,43257.0,46249.857142857145,49502.333333333336,54325.67857142857
2020-09-28,2020-09-28,28,9,2020,36248,259,United_States_of_America,US,USA,329064917.0,America,180.8357468,43449.42857142857,45724.92857142857,48950.19047619047,53497.392857142855
2020-09-27,2020-09-27,27,9,2020,45368,723,United_States_of_America,US,USA,329064917.0,America,180.1133969,42693.57142857143,45089.0,48414.80952380953,52151.392857142855
2020-09-26,2020-09-26,26,9,2020,55013,964,United_States_of_America,US,USA,329064917.0,America,178.73129880000002,42771.0,44869.78571428572,47688.95238095238,51068.67857142857
2020-09-25,2020-09-25,25,9,2020,44213,901,United_States_of_America,US,USA,329064917.0,America,176.6186457,42691.28571428572,43970.71428571428,46756.95238095238,50074.21428571428
2020-09-24,2020-09-24,24,9,2020,37930,1102,United_States_of_America,US,USA,329064917.0,America,174.58075,42112.42857142857,43238.42857142857,45735.23809523809,49179.642857142855
2020-09-23,2020-09-23,23,9,2020,38307,926,United_States_of_America,US,USA,329064917.0,America,172.7564899,41439.57142857143,42898.78571428572,45058.57142857143,48456.71428571428
2020-09-22,2020-09-22,22,9,2020,53153,372,United_States_of_America,US,USA,329064917.0,America,169.3574645,44318.857142857145,43787.92857142857,45606.19047619047,48206.46428571428
2020-09-21,2020-09-21,21,9,2020,39852,251,United_States_of_America,US,USA,329064917.0,America,160.57409119999997,44833.71428571428,44141.57142857143,45427.857142857145,47921.07142857143
2020-09-20,2020-09-20,20,9,2020,40295,669,United_States_of_America,US,USA,329064917.0,America,157.7488128,44109.0,43401.28571428572,44762.333333333336,47338.357142857145
2020-09-19,2020-09-19,19,9,2020,50209,956,United_States_of_America,US,USA,329064917.0,America,158.9172753,43422.71428571428,43096.857142857145,44387.42857142857,46622.392857142855
2020-09-18,2020-09-18,18,9,2020,43567,831,United_States_of_America,US,USA,329064917.0,America,159.17922969999998,43330.42857142857,43010.857142857145,43757.28571428572,45900.32142857143
2020-09-17,2020-09-17,17,9,2020,24598,865,United_States_of_America,US,USA,329064917.0,America,156.9553524,41425.857142857145,41769.142857142855,42634.23809523809,44657.892857142855
2020-09-16,2020-09-16,16,9,2020,51473,1407,United_States_of_America,US,USA,329064917.0,America,161.2572391,43306.71428571428,42373.142857142855,43034.76190476191,44620.607142857145
2020-09-15,2020-09-15,15,9,2020,34841,451,United_States_of_America,US,USA,329064917.0,America,159.18044519999998,40690.71428571428,42504.78571428572,42755.52380952381,44377.32142857143
2020-09-14,2020-09-14,14,9,2020,33871,378,United_States_of_America,US,USA,329064917.0,America,158.8792889,39836.28571428572,42335.0,42706.47619047619,44029.96428571428
2020-09-13,2020-09-13,13,9,2020,40820,685,United_States_of_America,US,USA,329064917.0,America,159.3989432,39911.28571428572,42010.142857142855,42237.95238095238,43549.57142857143
2020-12-09,2020-12-09,12,9,2020,48061,1227,United_States_of_America,US,USA,329064917.0,America,160.4087743,39604.42857142857,41513.57142857143,41932.71428571428,43191.67857142857
2020-11-09,2020-11-09,11,9,2020,37507,974,United_States_of_America,US,USA,329064917.0,America,160.8928733,38738.71428571428,41034.57142857143,41586.80952380953,42502.642857142855
2020-10-09,2020-10-09,10,9,2020,31927,1136,United_States_of_America,US,USA,329064917.0,America,163.4461689,39785.71428571428,40605.78571428572,41108.0,41922.107142857145
2020-09-09,2020-09-09,9,9,2020,27122,471,United_States_of_America,US,USA,329064917.0,America,166.7649669,36307.0,39806.857142857145,40351.09523809524,41352.82142857143
2020-08-09,2020-08-09,8,9,2020,24250,267,United_States_of_America,US,USA,329064917.0,America,170.10686069999997,34794.0,37742.357142857145,39934.52380952381,40765.142857142855
2020-07-09,2020-07-09,7,9,2020,30555,403,United_States_of_America,US,USA,329064917.0,America,174.37592719999998,34320.28571428572,37078.28571428572,39663.42857142857,40609.92857142857
2020-06-09,2020-06-09,6,9,2020,44140,773,United_States_of_America,US,USA,329064917.0,America,175.5766021,34794.57142857143,37352.92857142857,39604.95238095238,40377.107142857145
2020-05-09,2020-05-09,5,9,2020,51071,968,United_States_of_America,US,USA,329064917.0,America,175.6489283,35224.57142857143,37414.5,39417.23809523809,40255.67857142857
2020-04-09,2020-04-09,4,9,2020,36249,1053,United_States_of_America,US,USA,329064917.0,America,175.2869936,35044.857142857145,36891.78571428572,39038.0,39951.32142857143
2020-03-09,2020-03-09,3,9,2020,38754,1055,United_States_of_America,US,USA,329064917.0,America,177.6439753,36020.142857142855,37902.92857142857,39077.23809523809,39836.03571428572
2020-02-09,2020-02-09,2,9,2020,44639,1091,United_States_of_America,US,USA,329064917.0,America,180.2793216,38522.57142857143,37414.78571428572,39378.76190476191,39893.96428571428
2020-01-09,2020-01-09,1,9,2020,33850,529,United_States_of_America,US,USA,329064917.0,America,180.1127891,39894.0,37344.0,38459.57142857143,39924.392857142855
2020-08-31,2020-08-31,31,8,2020,35581,290,United_States_of_America,US,USA,329064917.0,America,180.4792822,40612.0,37466.142857142855,38256.19047619047,39900.57142857143
2020-08-30,2020-08-30,30,8,2020,44143,1006,United_States_of_America,US,USA,329064917.0,America,182.46156580000002,40612.42857142857,37703.5,38439.42857142857,39856.82142857143
2020-08-29,2020-08-29,29,8,2020,49654,949,United_States_of_America,US,USA,329064917.0,America,183.65950569999998,40410.0,37817.28571428572,38413.0,39665.42857142857
2020-08-28,2020-08-28,28,8,2020,45909,1110,United_States_of_America,US,USA,329064917.0,America,188.2737928,41790.0,38417.42857142857,38524.52380952381,39726.0
2020-08-27,2020-08-27,27,8,2020,42848,1228,United_States_of_America,US,USA,329064917.0,America,189.8494697,42374.857142857145,39197.5,39393.57142857143,39901.642857142855
2020-08-26,2020-08-26,26,8,2020,38119,1207,United_States_of_America,US,USA,329064917.0,America,193.8283199,41443.42857142857,39983.0,38757.666666666664,39894.92857142857
2020-08-25,2020-08-25,25,8,2020,38298,473,United_States_of_America,US,USA,329064917.0,America,196.4703518,42078.857142857145,40986.42857142857,38922.28571428572,39364.392857142855
2020-08-24,2020-08-24,24,8,2020,34506,444,United_States_of_America,US,USA,329064917.0,America,199.88366000000002,41925.28571428572,41268.642857142855,38952.52380952381,39173.46428571428
2020-08-23,2020-08-23,23,8,2020,44378,956,United_States_of_America,US,USA,329064917.0,America,203.6339839,41958.857142857145,41285.642857142855,39121.95238095238,39319.28571428572
2020-08-22,2020-08-22,22,8,2020,49880,1151,United_States_of_America,US,USA,329064917.0,America,207.2329698,41991.142857142855,41200.57142857143,39208.57142857143,39307.53571428572
2020-08-21,2020-08-21,21,8,2020,44005,1078,United_States_of_America,US,USA,329064917.0,America,209.7461517,41719.142857142855,41754.57142857143,39518.0,39323.17857142857
2020-08-20,2020-08-20,20,8,2020,47426,1356,United_States_of_America,US,USA,329064917.0,America,214.53244130000002,42373.142857142855,42374.0,40256.04761904762,40138.46428571428
2020-08-19,2020-08-19,19,8,2020,44091,1324,United_States_of_America,US,USA,329064917.0,America,216.1667693,43226.28571428572,42334.857142857145,41064.09523809524,39874.82142857143
2020-08-18,2020-08-18,18,8,2020,35056,445,United_States_of_America,US,USA,329064917.0,America,220.2492464,42763.142857142855,42421.0,41578.666666666664,39882.5
2020-08-17,2020-08-17,17,8,2020,42104,571,United_States_of_America,US,USA,329064917.0,America,223.45560469999998,43848.57142857143,42886.92857142857,42128.619047619046,40176.53571428572
2020-08-16,2020-08-16,16,8,2020,48085,1035,United_States_of_America,US,USA,329064917.0,America,225.0987455,44378.142857142855,43168.5,42316.47619047619,40436.0
2020-08-15,2020-08-15,15,8,2020,64838,1336,United_States_of_America,US,USA,329064917.0,America,228.23551260000002,46515.0,44253.07142857143,42972.04761904762,41035.17857142857
2020-08-14,2020-08-14,14,8,2020,51094,1083,United_States_of_America,US,USA,329064917.0,America,228.8995153,47527.71428571428,44623.42857142857,43678.95238095238,41520.42857142857
2020-08-13,2020-08-13,13,8,2020,55941,1490,United_States_of_America,US,USA,329064917.0,America,234.0468279,48744.142857142855,45558.642857142855,44497.380952380954,42378.07142857143
2020-12-08,2020-12-08,12,8,2020,46813,1076,United_States_of_America,US,USA,329064917.0,America,239.8341358,49133.0,46179.642857142855,44600.90476190476,43081.32142857143
2020-11-08,2020-11-08,11,8,2020,49530,523,United_States_of_America,US,USA,329064917.0,America,244.3684995,51200.71428571428,46981.92857142857,45347.57142857143,43984.17857142857
2020-10-08,2020-10-08,10,8,2020,46847,513,United_States_of_America,US,USA,329064917.0,America,246.4085225,51878.28571428572,47863.42857142857,45884.04761904762,44566.03571428572
2020-09-08,2020-09-08,9,8,2020,56221,1069,United_States_of_America,US,USA,329064917.0,America,249.1879133,53040.57142857143,48709.357142857145,46459.19047619047,44997.5
2020-08-08,2020-08-08,8,8,2020,58150,1252,United_States_of_America,US,USA,329064917.0,America,252.0071138,52085.142857142855,49300.07142857143,46863.76190476191,45250.32142857143
2020-07-08,2020-07-08,7,8,2020,59755,1848,United_States_of_America,US,USA,329064917.0,America,258.1691199,53322.42857142857,50425.07142857143,47523.09523809524,46089.82142857143
2020-06-08,2020-06-08,6,8,2020,52804,1450,United_States_of_America,US,USA,329064917.0,America,259.2148102,52874.28571428572,50809.21428571428,47997.19047619047,46591.607142857145
2020-05-08,2020-05-08,5,8,2020,57525,1403,United_States_of_America,US,USA,329064917.0,America,264.0904439,54404.57142857143,51768.78571428572,48921.28571428572,47051.82142857143
2020-04-08,2020-04-08,4,8,2020,45607,543,United_States_of_America,US,USA,329064917.0,America,268.5038588,53844.142857142855,52522.42857142857,49269.333333333336,47471.71428571428
2020-03-08,2020-03-08,3,8,2020,47511,413,United_States_of_America,US,USA,329064917.0,America,271.8901207,53939.0,52908.642857142855,49888.619047619046,47897.78571428572
2020-02-08,2020-02-08,2,8,2020,58407,1133,United_States_of_America,US,USA,329064917.0,America,276.23120939999995,54251.28571428572,53645.92857142857,50556.666666666664,48407.21428571428
2020-01-08,2020-01-08,1,8,2020,67023,1244,United_States_of_America,US,USA,329064917.0,America,277.8545973,55518.857142857145,53802.0,51373.0,49027.53571428572
2020-07-31,2020-07-31,31,7,2020,68032,1357,United_States_of_America,US,USA,329064917.0,America,279.2132958,56701.28571428572,55011.857142857145,52517.142857142855,49817.642857142855
2020-07-30,2020-07-30,30,7,2020,74985,1457,United_States_of_America,US,USA,329064917.0,America,281.91732149999996,59870.0,56372.142857142855,53829.47619047619,50965.392857142855
2020-07-29,2020-07-29,29,7,2020,61734,1245,United_States_of_America,US,USA,329064917.0,America,279.7086388,60471.28571428572,57437.92857142857,54669.619047619046,51808.78571428572
2020-07-28,2020-07-28,28,7,2020,56243,1076,United_States_of_America,US,USA,329064917.0,America,281.77023810000003,61990.71428571428,57917.42857142857,55678.52380952381,52449.67857142857
2020-07-27,2020-07-27,27,7,2020,55993,475,United_States_of_America,US,USA,329064917.0,America,282.3388189,63202.42857142857,58570.71428571428,56339.90476190476,53217.07142857143
2020-07-26,2020-07-26,26,7,2020,65498,914,United_States_of_America,US,USA,329064917.0,America,282.72324150000003,64215.42857142857,59233.357142857145,57169.09523809524,53971.357142857145
2020-07-25,2020-07-25,25,7,2020,78427,1304,United_States_of_America,US,USA,329064917.0,America,281.9796192,65844.57142857143,60681.71428571428,57816.19047619047,54990.892857142855
2020-07-24,2020-07-24,24,7,2020,63196,1052,United_States_of_America,US,USA,329064917.0,America,278.39309289999994,65153.71428571428,60927.5,58392.47619047619,55676.28571428572
2020-07-23,2020-07-23,23,7,2020,68848,1124,United_States_of_America,US,USA,329064917.0,America,278.3347457,64277.0,62073.5,59007.09523809524,56441.357142857145
2020-07-22,2020-07-22,22,7,2020,72048,1160,United_States_of_America,US,USA,329064917.0,America,275.31345739999995,65750.42857142857,63110.857142857145,60208.76190476191,57439.82142857143
2020-07-21,2020-07-21,21,7,2020,56750,372,United_States_of_America,US,USA,329064917.0,America,270.88424019999997,65822.85714285714,63906.78571428572,60552.57142857143,58214.607142857145
2020-07-20,2020-07-20,20,7,2020,61796,415,United_States_of_America,US,USA,329064917.0,America,268.82993430000005,66651.85714285714,64927.142857142855,61264.42857142857,58917.892857142855
2020-07-19,2020-07-19,19,7,2020,63749,853,United_States_of_America,US,USA,329064917.0,America,264.9696017,66402.0,65308.71428571428,61622.90476190476,59477.32142857143
2020-07-18,2020-07-18,18,7,2020,71494,908,United_States_of_America,US,USA,329064917.0,America,259.33910180000004,65411.57142857143,65628.07142857143,62258.333333333336,59715.03571428572
2020-07-17,2020-07-17,17,7,2020,76930,939,United_States_of_America,US,USA,329064917.0,America,254.1571455,67373.57142857143,66263.64285714286,63076.19047619047,60637.75
2020-07-16,2020-07-16,16,7,2020,67717,953,United_States_of_America,US,USA,329064917.0,America,247.0062769,67212.0,65744.5,63786.333333333336,61058.32142857143
2020-07-15,2020-07-15,15,7,2020,68518,861,United_States_of_America,US,USA,329064917.0,America,242.24460249999998,66707.71428571429,66229.07142857143,64309.80952380953,61833.5
2020-07-14,2020-07-14,14,7,2020,58114,400,United_States_of_America,US,USA,329064917.0,America,234.75732599999998,66902.57142857143,66362.71428571429,64905.380952380954,62140.07142857143
2020-07-13,2020-07-13,13,7,2020,57258,391,United_States_of_America,US,USA,329064917.0,America,229.7254921,66254.28571428571,66453.07142857143,65369.52380952381,62511.892857142855
2020-12-07,2020-12-07,12,7,2020,63051,717,United_States_of_America,US,USA,329064917.0,America,224.0776704,66154.57142857143,66278.28571428571,65590.66666666667,62755.82142857143
2020-11-07,2020-11-07,11,7,2020,66625,806,United_States_of_America,US,USA,329064917.0,America,217.82814359999998,65459.0,65435.28571428572,65571.71428571429,63058.5
2020-10-07,2020-10-07,10,7,2020,63004,982,United_States_of_America,US,USA,329064917.0,America,211.41664280000003,63469.57142857143,65421.57142857143,65332.28571428572,63174.53571428572
2020-09-07,2020-09-07,9,7,2020,58906,829,United_States_of_America,US,USA,329064917.0,America,204.7143178,62210.857142857145,64711.42857142857,64566.619047619046,63392.46428571428
2020-08-07,2020-08-07,8,7,2020,57473,1174,United_States_of_America,US,USA,329064917.0,America,197.24861769999998,60633.0,63670.357142857145,64363.71428571428,63390.607142857145
2020-07-07,2020-07-07,7,7,2020,49990,359,United_States_of_America,US,USA,329064917.0,America,190.33417649999998,59472.42857142857,63187.5,64065.95238095238,63547.142857142855
2020-06-07,2020-06-07,6,7,2020,49093,271,United_States_of_America,US,USA,329064917.0,America,184.68179640000002,58306.0,62280.142857142855,63737.380952380954,63603.642857142855
2020-05-07,2020-05-07,5,7,2020,45221,242,United_States_of_America,US,USA,329064917.0,America,177.6011267,55758.857142857145,60956.71428571428,62771.80952380953,63132.71428571428
2020-04-07,2020-04-07,4,7,2020,54442,694,United_States_of_America,US,USA,329064917.0,America,174.23917600000001,54018.42857142857,59738.71428571428,61629.666666666664,62683.392857142855
2020-03-07,2020-03-07,3,7,2020,53399,678,United_States_of_America,US,USA,329064917.0,America,166.78380819999998,52646.28571428572,58057.92857142857,61163.142857142855,62160.78571428572
2020-02-07,2020-02-07,2,7,2020,52048,652,United_States_of_America,US,USA,329064917.0,America,158.99294419999998,51666.57142857143,56938.71428571428,60363.142857142855,61341.607142857145
2020-01-07,2020-01-07,1,7,2020,43880,1270,United_States_of_America,US,USA,329064917.0,America,150.9431648,49724.71428571428,55178.857142857145,59021.80952380953,60703.96428571428
2020-06-30,2020-06-30,30,6,2020,41556,336,United_States_of_America,US,USA,329064917.0,America,144.81215569999998,48519.857142857145,53996.142857142855,58298.28571428572,60179.42857142857
2020-06-29,2020-06-29,29,6,2020,38673,265,United_States_of_America,US,USA,329064917.0,America,138.2484053,47031.28571428572,52668.642857142855,57197.19047619047,59560.857142857145
2020-06-28,2020-06-28,28,6,2020,42486,500,United_States_of_America,US,USA,329064917.0,America,132.4349627,46640.57142857143,51199.71428571428,56184.666666666664,58739.0
2020-06-27,2020-06-27,27,6,2020,45527,623,United_States_of_America,US,USA,329064917.0,America,127.2852189,45367.0,49692.71428571428,54948.142857142855,57564.0
2020-06-26,2020-06-26,26,6,2020,40949,2437,United_States_of_America,US,USA,329064917.0,America,121.2414267,43588.42857142857,48117.357142857145,53234.76190476191,56769.46428571428
2020-06-25,2020-06-25,25,6,2020,34339,751,United_States_of_America,US,USA,329064917.0,America,115.75132450000001,41058.57142857143,46362.57142857143,51645.333333333336,55537.0
2020-06-24,2020-06-24,24,6,2020,34720,826,United_States_of_America,US,USA,329064917.0,America,111.58041499999999,39750.0,44737.357142857145,50035.90476190476,54203.857142857145
2020-06-23,2020-06-23,23,6,2020,31390,427,United_States_of_America,US,USA,329064917.0,America,106.7014385,38297.71428571428,43408.78571428572,48763.333333333336,53298.142857142855
2020-06-22,2020-06-22,22,6,2020,25793,256,United_States_of_America,US,USA,329064917.0,America,102.8821313,36457.71428571428,41744.5,47265.0,52012.32142857143
2020-06-21,2020-06-21,21,6,2020,34158,607,United_States_of_America,US,USA,329064917.0,America,101.8212464,35268.0,40954.28571428572,45889.142857142855,50955.5
2020-06-20,2020-06-20,20,6,2020,29909,678,United_States_of_America,US,USA,329064917.0,America,98.19430249,33036.857142857145,39201.92857142857,44140.76190476191,49470.32142857143
2020-06-19,2020-06-19,19,6,2020,27762,717,United_States_of_America,US,USA,329064917.0,America,96.75659226,31153.0,37370.71428571428,42462.57142857143,47714.32142857143
2020-06-18,2020-06-18,18,6,2020,25559,754,United_States_of_America,US,USA,329064917.0,America,94.74422337,29898.714285714286,35478.642857142855,40874.619047619046,46208.67857142857
2020-06-17,2020-06-17,17,6,2020,23705,836,United_States_of_America,US,USA,329064917.0,America,92.96341974,28325.14285714286,34037.57142857143,39266.619047619046,44608.21428571428
2020-06-16,2020-06-16,16,6,2020,19957,395,United_States_of_America,US,USA,329064917.0,America,92.00281901,26691.85714285714,32494.785714285714,37836.47619047619,43245.46428571428
2020-06-15,2020-06-15,15,6,2020,19543,296,United_States_of_America,US,USA,329064917.0,America,92.3459124,25799.0,31128.35714285714,36429.333333333336,41898.5
2020-06-14,2020-06-14,14,6,2020,25540,767,United_States_of_America,US,USA,329064917.0,America,92.42613973,24567.85714285714,29917.928571428572,35492.142857142855,40558.82142857143
2020-06-13,2020-06-13,13,6,2020,25639,849,United_States_of_America,US,USA,329064917.0,America,91.74451131,23957.85714285714,28497.35714285714,34120.57142857143,39095.03571428572
2020-12-06,2020-12-06,12,6,2020,22883,896,United_States_of_America,US,USA,329064917.0,America,91.65273611,23260.85714285714,27206.928571428572,32667.428571428572,37662.142857142855
2020-11-06,2020-11-06,11,6,2020,20614,918,United_States_of_America,US,USA,329064917.0,America,91.32878787,22554.428571428572,26226.571428571428,31170.571428571428,36294.57142857143
2020-10-06,2020-10-06,10,6,2020,18665,999,United_States_of_America,US,USA,329064917.0,America,90.75352144,21834.428571428572,25079.785714285714,29969.85714285714,34908.57142857143
2020-09-06,2020-09-06,9,6,2020,18822,493,United_States_of_America,US,USA,329064917.0,America,90.82797483,21672.285714285714,24182.071428571428,28887.285714285714,33795.42857142857
2020-08-06,2020-08-06,8,6,2020,22302,712,United_States_of_America,US,USA,329064917.0,America,90.90151655,22066.428571428572,23932.714285714286,28107.714285714286,32838.607142857145
2020-07-06,2020-07-06,7,6,2020,22223,659,United_States_of_America,US,USA,329064917.0,America,90.37456886,21592.571428571428,23080.214285714286,27142.809523809523,32017.25
2020-06-06,2020-06-06,6,6,2020,25178,932,United_States_of_America,US,USA,329064917.0,America,90.07462804,21526.714285714286,22742.285714285714,26173.809523809523,30972.10714285714
2020-05-06,2020-05-06,5,6,2020,21140,1036,United_States_of_America,US,USA,329064917.0,America,89.76131600000001,21277.714285714286,22269.285714285714,25230.52380952381,29820.0
2020-04-06,2020-04-06,4,6,2020,19699,994,United_States_of_America,US,USA,329064917.0,America,91.0662257,21147.0,21850.714285714286,24533.380952380954,28664.678571428572
2020-03-06,2020-03-06,3,6,2020,20544,1034,United_States_of_America,US,USA,329064917.0,America,92.15598027,21415.428571428572,21624.928571428572,23858.333333333332,27831.25
2020-02-06,2020-02-06,2,6,2020,21086,764,United_States_of_America,US,USA,329064917.0,America,91.98154661,21738.85714285714,21705.571428571428,23367.666666666668,27100.178571428572
2020-01-06,2020-01-06,1,6,2020,19807,602,United_States_of_America,US,USA,329064917.0,America,92.21098462,21382.428571428572,21724.428571428572,23082.619047619046,26426.39285714286
2020-05-31,2020-05-31,31,5,2020,23297,945,United_States_of_America,US,USA,329064917.0,America,91.92715005,21535.85714285714,21564.214285714286,22565.428571428572,25741.071428571428
2020-05-30,2020-05-30,30,5,2020,25337,1219,United_States_of_America,US,USA,329064917.0,America,92.28878082,21558.571428571428,21542.64285714286,22347.714285714286,25020.0
2020-05-29,2020-05-29,29,5,2020,21817,1175,United_States_of_America,US,USA,329064917.0,America,92.34074625,21655.285714285714,21466.5,22064.619047619046,24336.714285714286
2020-05-28,2020-05-28,28,5,2020,18721,1526,United_States_of_America,US,USA,329064917.0,America,93.95927187,21515.571428571428,21331.285714285714,21739.0,23778.928571428572
2020-05-27,2020-05-27,27,5,2020,18910,696,United_States_of_America,US,USA,329064917.0,America,94.58559206,21282.14285714286,21348.785714285714,21510.666666666668,23214.285714285714
2020-05-26,2020-05-26,26,5,2020,19064,500,United_States_of_America,US,USA,329064917.0,America,95.53920329,20993.285714285714,21366.071428571428,21468.14285714286,22774.071428571428
2020-05-25,2020-05-25,25,5,2020,20568,633,United_States_of_America,US,USA,329064917.0,America,95.25141813,21102.0,21242.214285714286,21516.95238095238,22587.464285714286
2020-05-24,2020-05-24,24,5,2020,21236,1080,United_States_of_America,US,USA,329064917.0,America,95.15721179,20807.571428571428,21171.714285714286,21312.0,22125.964285714286
2020-05-23,2020-05-23,23,5,2020,24147,1305,United_States_of_America,US,USA,329064917.0,America,96.48704058,20637.571428571428,21098.071428571428,21240.95238095238,21920.178571428572
2020-05-22,2020-05-22,22,5,2020,25434,1263,United_States_of_America,US,USA,329064917.0,America,97.34097543,21154.285714285714,21404.785714285714,21362.428571428572,21837.035714285714
2020-05-21,2020-05-21,21,5,2020,23285,1518,United_States_of_America,US,USA,329064917.0,America,98.23289670000001,21806.285714285714,21660.928571428572,21489.619047619046,21755.821428571428
2020-05-20,2020-05-20,20,5,2020,19970,1568,United_States_of_America,US,USA,329064917.0,America,98.48907716,21957.714285714286,21619.928571428572,21551.761904761905,21622.428571428572
2020-05-19,2020-05-19,19,5,2020,21841,791,United_States_of_America,US,USA,329064917.0,America,99.66544079,22354.428571428572,21673.85714285714,21695.52380952381,21689.714285714286
2020-05-18,2020-05-18,18,5,2020,18873,808,United_States_of_America,US,USA,329064917.0,America,99.89396712,22112.285714285714,21607.14285714286,21532.238095238095,21665.785714285714
2020-05-17,2020-05-17,17,5,2020,24487,1186,United_States_of_America,US,USA,329064917.0,America,101.7474008,22576.714285714286,21692.14285714286,21640.04761904762,21628.178571428572
2020-05-16,2020-05-16,16,5,2020,25508,1662,United_States_of_America,US,USA,329064917.0,America,103.2063834,22771.14285714286,21704.35714285714,21655.761904761905,21623.5
2020-05-15,2020-05-15,15,5,2020,27143,1773,United_States_of_America,US,USA,329064917.0,America,105.77335409999999,23015.285714285714,22084.785714285714,21941.619047619046,21775.64285714286
2020-05-14,2020-05-14,14,5,2020,20782,1746,United_States_of_America,US,USA,329064917.0,America,106.6163489,22657.714285714286,22232.0,21993.190476190477,21781.64285714286
2020-05-13,2020-05-13,13,5,2020,22048,1703,United_States_of_America,US,USA,329064917.0,America,108.6050143,22954.571428571428,22456.14285714286,22064.809523809523,21902.464285714286
2020-12-05,2020-12-05,12,5,2020,18117,1156,United_States_of_America,US,USA,329064917.0,America,109.23832390000001,22422.571428571428,22388.5,21923.428571428572,21877.285714285714
2020-11-05,2020-11-05,11,5,2020,20258,734,United_States_of_America,US,USA,329064917.0,America,110.5827395,22620.428571428572,22366.35714285714,21944.904761904763,21804.285714285714
2020-10-05,2020-10-05,10,5,2020,25612,1614,United_States_of_America,US,USA,329064917.0,America,112.5881189,22781.14285714286,22678.928571428572,22055.14285714286,21925.321428571428
2020-09-05,2020-09-05,9,5,2020,26957,1510,United_States_of_America,US,USA,329064917.0,America,119.55239820000001,22988.14285714286,22879.64285714286,22132.285714285714,21988.85714285714
2020-08-05,2020-08-05,8,5,2020,28369,2239,United_States_of_America,US,USA,329064917.0,America,117.84908689999999,23163.285714285714,23089.285714285714,22444.285714285714,22247.035714285714
2020-07-05,2020-07-05,7,5,2020,24128,2353,United_States_of_America,US,USA,329064917.0,America,117.2941812,23641.285714285714,23149.5,22701.761904761905,22405.214285714286
2020-06-05,2020-06-05,6,5,2020,23841,2144,United_States_of_America,US,USA,329064917.0,America,115.3067314,23897.428571428572,23426.0,22936.571428571428,22522.964285714286
2020-05-05,2020-05-05,5,5,2020,22593,1252,United_States_of_America,US,USA,329064917.0,America,119.39346299999998,24536.85714285714,23479.714285714286,23104.619047619046,22576.785714285714
2020-04-05,2020-04-05,4,5,2020,24972,1297,United_States_of_America,US,USA,329064917.0,America,121.0563568,25210.285714285714,23915.35714285714,23314.333333333332,22761.25
2020-03-05,2020-03-05,3,5,2020,29288,1317,United_States_of_America,US,USA,329064917.0,America,120.94361310000001,25735.428571428572,24258.285714285714,23697.761904761905,22975.214285714286
2020-02-05,2020-02-05,2,5,2020,33955,2062,United_States_of_America,US,USA,329064917.0,America,122.04795449999999,26735.14285714286,24861.64285714286,24164.809523809523,23283.0
2020-01-05,2020-01-05,1,5,2020,29917,2040,United_States_of_America,US,USA,329064917.0,America,121.0992055,26956.285714285714,25059.785714285714,24378.285714285714,23572.285714285714
2020-04-30,2020-04-30,30,4,2020,27326,2611,United_States_of_America,US,USA,329064917.0,America,121.63101540000001,27413.14285714286,25527.214285714286,24570.714285714286,23879.60714285714
2020-04-29,2020-04-29,29,4,2020,24132,2110,United_States_of_America,US,USA,329064917.0,America,122.488597,27454.714285714286,25676.071428571428,24768.904761904763,24066.10714285714
2020-04-28,2020-04-28,28,4,2020,22541,1369,United_States_of_America,US,USA,329064917.0,America,123.336454,27447.285714285714,25992.071428571428,24802.238095238095,24190.285714285714
2020-04-27,2020-04-27,27,4,2020,26857,1687,United_States_of_America,US,USA,329064917.0,America,124.0907125,27716.571428571428,26463.428571428572,25182.428571428572,24414.89285714286
2020-04-26,2020-04-26,26,4,2020,48529,2172,United_States_of_America,US,USA,329064917.0,America,124.32258159999999,30465.285714285714,28100.35714285714,26327.285714285714,25389.64285714286
2020-04-25,2020-04-25,25,4,2020,21352,1054,United_States_of_America,US,USA,329064917.0,America,118.2028165,28664.85714285714,27700.0,26129.380952380954,25289.821428571428
2020-04-24,2020-04-24,24,4,2020,26543,3179,United_States_of_America,US,USA,329064917.0,America,122.51047720000001,28182.85714285714,27569.571428571428,26100.809523809523,25329.428571428572
2020-04-23,2020-04-23,23,4,2020,17588,1721,United_States_of_America,US,USA,329064917.0,America,124.74651010000001,26791.714285714286,27102.428571428572,25948.714285714286,25125.964285714286
2020-04-22,2020-04-22,22,4,2020,37289,2524,United_States_of_America,US,USA,329064917.0,America,129.5282414,28671.285714285714,28063.0,26674.47619047619,25744.5
2020-04-21,2020-04-21,21,4,2020,28065,1857,United_States_of_America,US,USA,329064917.0,America,127.49946240000001,29460.428571428572,28453.85714285714,27148.190476190477,25966.785714285714
2020-04-20,2020-04-20,20,4,2020,24601,1772,United_States_of_America,US,USA,329064917.0,America,128.2579753,29138.14285714286,28427.35714285714,27355.0,26171.35714285714
2020-04-19,2020-04-19,19,4,2020,32922,1856,United_States_of_America,US,USA,329064917.0,America,128.5001768,26908.571428571428,28686.928571428572,27703.095238095237,26472.60714285714
2020-04-18,2020-04-18,18,4,2020,30833,3770,United_States_of_America,US,USA,329064917.0,America,128.9104302,28263.0,28463.928571428572,27887.666666666668,26662.785714285714
2020-04-17,2020-04-17,17,4,2020,31667,2299,United_States_of_America,US,USA,329064917.0,America,129.39422530000002,28995.0,28588.928571428572,28044.714285714286,26824.35714285714
2020-04-16,2020-04-16,16,4,2020,30148,4928,United_States_of_America,US,USA,329064917.0,America,128.5287426,30789.285714285714,28790.5,28331.380952380954,27158.85714285714
2020-04-15,2020-04-15,15,4,2020,26922,2408,United_States_of_America,US,USA,329064917.0,America,127.6033932,29308.285714285714,28989.785714285714,28478.095238095237,27332.928571428572
2020-04-14,2020-04-14,14,4,2020,25023,1541,United_States_of_America,US,USA,329064917.0,America,127.0187062,28873.714285714286,29167.071428571428,28593.809523809523,27579.571428571428
2020-04-13,2020-04-13,13,4,2020,27620,1500,United_States_of_America,US,USA,329064917.0,America,125.97696640000001,29305.0,29221.571428571428,28719.904761904763,27842.5
2020-12-04,2020-12-04,12,4,2020,28391,1831,United_States_of_America,US,USA,329064917.0,America,123.16293200000001,28657.714285714286,27783.14285714286,28677.190476190477,27941.75
2020-11-04,2020-11-04,11,4,2020,35527,2087,United_States_of_America,US,USA,329064917.0,America,120.6065975,29328.285714285714,28795.64285714286,28752.04761904762,28247.821428571428
2020-10-04,2020-10-04,10,4,2020,33901,1873,United_States_of_America,US,USA,329064917.0,America,115.49149740000001,29647.428571428572,29321.214285714286,28941.761904761905,28445.39285714286
2020-09-04,2020-09-04,9,4,2020,33323,1922,United_States_of_America,US,USA,329064917.0,America,110.2937388,30101.0,30445.14285714286,29227.333333333332,28773.785714285714
2020-08-04,2020-08-04,8,4,2020,30613,1906,United_States_of_America,US,USA,329064917.0,America,104.4104012,30628.285714285714,29968.285714285714,29535.95238095238,29015.64285714286
2020-07-04,2020-07-04,7,4,2020,30561,1342,United_States_of_America,US,USA,329064917.0,America,97.77827516,31419.428571428572,30146.571428571428,29917.85714285714,29300.214285714286
2020-06-04,2020-06-04,6,4,2020,25398,1146,United_States_of_America,US,USA,329064917.0,America,91.90557376,31102.0,30203.5,29848.380952380954,29315.428571428572
2020-05-04,2020-05-04,5,4,2020,34272,1344,United_States_of_America,US,USA,329064917.0,America,86.75795725,31942.14285714286,30299.928571428572,29169.47619047619,29493.428571428572
2020-04-04,2020-04-04,4,4,2020,32425,1104,United_States_of_America,US,USA,329064917.0,America,78.50760949,31499.0,30413.64285714286,29696.761904761905,29438.785714285714
2020-03-04,2020-03-04,3,4,2020,28819,915,United_States_of_America,US,USA,329064917.0,America,70.28704309,30773.0,30210.214285714286,29805.14285714286,29399.571428571428
2020-02-04,2020-02-04,2,4,2020,27103,1059,United_States_of_America,US,USA,329064917.0,America,62.99851163,29884.428571428572,29992.714285714286,30258.238095238095,29391.60714285714
2020-01-04,2020-01-04,1,4,2020,24998,909,United_States_of_America,US,USA,329064917.0,America,55.67017039,29082.285714285714,29855.285714285714,29672.95238095238,29422.535714285714
2020-03-31,2020-03-31,31,3,2020,21595,661,United_States_of_America,US,USA,329064917.0,America,48.61016527,27801.428571428572,29610.428571428572,29364.85714285714,29388.75
2020-03-30,2020-03-30,30,3,2020,18360,318,United_States_of_America,US,USA,329064917.0,America,42.31718205,26796.0,28949.0,29067.666666666668,29085.285714285714
2020-03-29,2020-03-29,29,3,2020,19979,484,United_States_of_America,US,USA,329064917.0,America,36.98783848,24754.14285714286,28348.14285714286,28451.333333333332,28065.64285714286
2020-03-28,2020-03-28,28,3,2020,18695,411,United_States_of_America,US,USA,329064917.0,America,31.15251572,22792.714285714286,27145.85714285714,27873.333333333332,27970.75
2020-03-27,2020-03-27,27,3,2020,16797,246,United_States_of_America,US,USA,329064917.0,America,25.62655441,21075.285714285714,25924.14285714286,27165.238095238095,27622.678571428572
2020-03-26,2020-03-26,26,3,2020,13963,249,United_States_of_America,US,USA,329064917.0,America,20.62875636,19198.14285714286,24541.285714285714,26394.52380952381,27493.214285714286
2020-03-25,2020-03-25,25,3,2020,8789,211,United_States_of_America,US,USA,329064917.0,America,16.47273751,16882.571428571428,22982.428571428572,25531.04761904762,26475.35714285714
2020-03-24,2020-03-24,24,3,2020,11236,119,United_States_of_America,US,USA,329064917.0,America,13.88419052,15402.714285714286,21602.071428571428,24874.52380952381,25874.321428571428
2020-03-23,2020-03-23,23,3,2020,8459,131,United_States_of_America,US,USA,329064917.0,America,10.53044497,13988.285714285714,20392.14285714286,23962.095238095237,25297.821428571428
2020-03-22,2020-03-22,22,3,2020,7123,80,United_States_of_America,US,USA,329064917.0,America,7.99659843,12151.714285714286,18452.928571428572,22949.333333333332,24376.428571428572
2020-03-21,2020-03-21,21,3,2020,5374,110,United_States_of_America,US,USA,329064917.0,America,5.86084964,10248.714285714286,16520.714285714286,21513.47619047619,23467.178571428572
2020-03-20,2020-03-20,20,3,2020,4835,0,United_States_of_America,US,USA,329064917.0,America,4.25964583,8539.857142857143,14807.57142857143,20129.380952380954,22508.89285714286
2020-03-19,2020-03-19,19,3,2020,2988,42,United_States_of_America,US,USA,329064917.0,America,2.81281885,6972.0,13085.07142857143,18684.85714285714,21538.89285714286
2020-03-18,2020-03-18,18,3,2020,1766,23,United_States_of_America,US,USA,329064917.0,America,1.91512364,5968.714285714285,11425.642857142857,17311.190476190477,20640.464285714286
2020-03-17,2020-03-17,17,3,2020,887,16,United_States_of_America,US,USA,329064917.0,America,1.38513702,4490.285714285715,9946.5,15898.142857142857,19778.464285714286
2020-03-16,2020-03-16,16,3,2020,823,12,United_States_of_America,US,USA,329064917.0,America,1.11983983,3399.4285714285716,8693.857142857143,14727.904761904761,18821.428571428572
2020-03-15,2020-03-15,15,3,2020,777,10,United_States_of_America,US,USA,329064917.0,America,0.87581503,2492.8571428571427,7322.285714285715,13132.904761904761,17835.214285714286
2020-03-14,2020-03-14,14,3,2020,511,7,United_States_of_America,US,USA,329064917.0,America,0.64060308,1798.142857142857,6023.428571428572,11613.190476190477,16584.64285714286
2020-03-13,2020-03-13,13,3,2020,351,10,United_States_of_America,US,USA,329064917.0,America,0.48713792,1157.5714285714287,4848.714285714285,10257.57142857143,15386.42857142857
2020-12-03,2020-12-03,12,3,2020,287,2,United_States_of_America,US,USA,329064917.0,America,0.38077593,771.7142857142857,3871.8571428571427,8980.619047619048,14206.57142857143
2020-11-03,2020-11-03,11,3,2020,271,2,United_States_of_America,US,USA,329064917.0,America,0.29538245,558.1428571428571,3263.4285714285716,7803.142857142857,13122.92857142857
2020-10-03,2020-10-03,10,3,2020,200,5,United_States_of_America,US,USA,329064917.0,America,0.21302787,460.0,2475.1428571428573,6784.333333333333,12038.607142857143
2020-09-03,2020-09-03,9,3,2020,121,4,United_States_of_America,US,USA,329064917.0,America,0.15771964,359.7142857142857,1879.5714285714287,5915.809523809524,11135.857142857143
2020-08-03,2020-08-03,8,3,2020,95,3,United_States_of_America,US,USA,329064917.0,America,0.12094878,262.2857142857143,1377.5714285714287,4968.952380952381,9915.25
2020-07-03,2020-07-03,7,3,2020,105,2,United_States_of_America,US,USA,329064917.0,America,0.09207910000000001,204.28571428571428,1001.2142857142857,4083.714285714286,8760.964285714286
2020-06-03,2020-06-03,6,3,2020,74,1,United_States_of_America,US,USA,329064917.0,America,0.06594443,164.71428571428572,661.1428571428571,3287.3809523809523,7734.357142857143
2020-05-03,2020-05-03,5,3,2020,34,2,United_States_of_America,US,USA,329064917.0,America,0.04376036,128.57142857142858,450.14285714285717,2624.095238095238,6767.607142857143
2020-04-03,2020-04-03,4,3,2020,22,3,United_States_of_America,US,USA,329064917.0,America,0.03342805,93.0,325.57142857142856,2206.6190476190477,5875.607142857143
2020-03-03,2020-03-03,3,3,2020,14,4,United_States_of_America,US,USA,329064917.0,America,0.02674244,66.42857142857143,263.2142857142857,1672.2380952380952,5104.857142857143
2020-02-03,2020-02-03,2,3,2020,20,1,United_States_of_America,US,USA,329064917.0,America,0.02248796,52.0,205.85714285714286,1270.3809523809523,4449.857142857143
2020-01-03,2020-01-03,1,3,2020,3,1,United_States_of_America,US,USA,329064917.0,America,0.01641014,38.857142857142854,150.57142857142858,931.3333333333334,3736.4285714285716
2020-02-29,2020-02-29,29,2,2020,6,0,United_States_of_America,US,USA,329064917.0,America,0.01549846,24.714285714285715,114.5,675.7142857142857,3068.964285714286
2020-02-28,2020-02-28,28,2,2020,1,0,United_States_of_America,US,USA,329064917.0,America,0.01367511,14.285714285714286,89.5,445.5238095238095,2469.1071428571427
2020-02-27,2020-02-27,27,2,2020,6,0,United_States_of_America,US,USA,329064917.0,America,0.01367511,10.285714285714286,69.42857142857143,303.5238095238095,1970.642857142857
2020-02-26,2020-02-26,26,2,2020,0,0,United_States_of_America,US,USA,329064917.0,America,0.01215566,7.142857142857143,50.07142857142857,219.42857142857142,1656.75
2020-02-25,2020-02-25,25,2,2020,18,0,United_States_of_America,US,USA,329064917.0,America,0.01215566,7.714285714285714,37.07142857142857,178.04761904761904,1256.107142857143
2020-02-24,2020-02-24,24,2,2020,0,0,United_States_of_America,US,USA,329064917.0,America,0.006989499999999999,4.857142857142857,28.428571428571427,138.85714285714286,954.0
2020-02-23,2020-02-23,23,2,2020,0,0,United_States_of_America,US,USA,329064917.0,America,0.006989499999999999,4.428571428571429,21.642857142857142,101.85714285714286,699.6071428571429
2020-02-22,2020-02-22,22,2,2020,19,0,United_States_of_America,US,USA,329064917.0,America,0.006989499999999999,6.285714285714286,15.5,78.42857142857143,508.35714285714283
2020-02-21,2020-02-21,21,2,2020,1,0,United_States_of_America,US,USA,329064917.0,America,0.00121557,6.285714285714286,10.285714285714286,61.76190476190476,335.7142857142857
2020-02-20,2020-02-20,20,2,2020,0,0,United_States_of_America,US,USA,329064917.0,America,0.00091167,5.428571428571429,7.857142857142857,48.095238095238095,229.0
2020-02-19,2020-02-19,19,2,2020,0,0,United_States_of_America,US,USA,329064917.0,America,0.00121557,5.428571428571429,6.285714285714286,35.19047619047619,165.92857142857142
2020-02-18,2020-02-18,18,2,2020,0,0,United_States_of_America,US,USA,329064917.0,America,0.00121557,2.857142857142857,5.285714285714286,25.666666666666668,134.25
2020-02-17,2020-02-17,17,2,2020,0,0,United_States_of_America,US,USA,329064917.0,America,0.00121557,2.857142857142857,3.857142857142857,19.904761904761905,104.85714285714286
2020-02-16,2020-02-16,16,2,2020,0,0,United_States_of_America,US,USA,329064917.0,America,0.00212724,2.857142857142857,3.642857142857143,15.380952380952381,77.10714285714286
2020-02-15,2020-02-15,15,2,2020,0,0,United_States_of_America,US,USA,329064917.0,America,0.00243113,0.14285714285714285,3.2142857142857144,10.380952380952381,58.857142857142854
2020-02-14,2020-02-14,14,2,2020,1,0,United_States_of_America,US,USA,329064917.0,America,0.00273502,0.14285714285714285,3.2142857142857144,6.904761904761905,46.357142857142854
2020-02-13,2020-02-13,13,2,2020,1,0,United_States_of_America,US,USA,329064917.0,America,0.00273502,0.2857142857142857,2.857142857142857,5.333333333333333,36.142857142857146
2020-12-02,2020-12-02,12,2,2020,0,0,United_States_of_America,US,USA,329064917.0,America,0.00243113,0.2857142857142857,2.857142857142857,4.285714285714286,26.464285714285715
2020-11-02,2020-11-02,11,2,2020,1,0,United_States_of_America,US,USA,329064917.0,America,0.00243113,0.42857142857142855,1.6428571428571428,3.6666666666666665,19.357142857142858
2020-10-02,2020-10-02,10,2,2020,0,0,United_States_of_America,US,USA,329064917.0,America,0.00212724,0.42857142857142855,1.6428571428571428,2.7142857142857144,15.035714285714286
2020-09-02,2020-09-02,9,2,2020,0,0,United_States_of_America,US,USA,329064917.0,America,0.00303891,0.42857142857142855,1.6428571428571428,2.5714285714285716,11.642857142857142
2020-08-02,2020-08-02,8,2,2020,0,0,United_States_of_America,US,USA,329064917.0,America,0.00303891,0.42857142857142855,0.2857142857142857,2.2857142857142856,7.892857142857143
2020-07-02,2020-07-02,7,2,2020,0,0,United_States_of_America,US,USA,329064917.0,America,0.00334281,0.2857142857142857,0.21428571428571427,2.238095238095238,5.25
2020-06-02,2020-06-02,6,2,2020,1,0,United_States_of_America,US,USA,329064917.0,America,0.00334281,0.2857142857142857,0.2857142857142857,2.0,4.071428571428571
2020-05-02,2020-05-02,5,2,2020,0,0,United_States_of_America,US,USA,329064917.0,America,0.00303891,0.2857142857142857,0.2857142857142857,2.0,3.2857142857142856
2020-04-02,2020-04-02,4,2,2020,0,0,United_States_of_America,US,USA,329064917.0,America,0.00303891,0.14285714285714285,0.2857142857142857,1.1428571428571428,2.7857142857142856
2020-03-02,2020-03-02,3,2,2020,3,0,United_States_of_America,US,USA,329064917.0,America,0.00334281,0.5714285714285714,0.5,1.2857142857142858,2.1785714285714284
2020-02-02,2020-02-02,2,2,2020,1,0,United_States_of_America,US,USA,329064917.0,America,0.00243113,0.7142857142857143,0.5714285714285714,1.3333333333333333,2.107142857142857
2020-01-02,2020-01-02,1,2,2020,1,0,United_States_of_America,US,USA,329064917.0,America,0.00212724,0.8571428571428571,0.6428571428571429,0.47619047619047616,1.9285714285714286
2020-01-31,2020-01-31,31,1,2020,1,0,United_States_of_America,US,USA,329064917.0,America,0.00182335,1.0,0.6428571428571429,0.47619047619047616,1.9285714285714286
2020-01-30,2020-01-30,30,1,2020,0,0,United_States_of_America,US,USA,329064917.0,America,0.00151946,0.8571428571428571,0.5714285714285714,0.47619047619047616,1.7142857142857142
2020-01-29,2020-01-29,29,1,2020,0,0,United_States_of_America,US,USA,329064917.0,America,0.00151946,0.8571428571428571,0.5714285714285714,0.47619047619047616,1.7142857142857142
2020-01-28,2020-01-28,28,1,2020,0,0,United_States_of_America,US,USA,329064917.0,America,0.00151946,0.8571428571428571,0.5,0.47619047619047616,1.0714285714285714
2020-01-27,2020-01-27,27,1,2020,3,0,United_States_of_America,US,USA,329064917.0,America,0.00151946,0.8571428571428571,0.7142857142857143,0.6190476190476191,1.1785714285714286
2020-01-26,2020-01-26,26,1,2020,0,0,United_States_of_America,US,USA,329064917.0,America,0.00060778,0.7142857142857143,0.7142857142857143,0.6190476190476191,1.1785714285714286
2020-01-25,2020-01-25,25,1,2020,1,0,United_States_of_America,US,USA,329064917.0,America,0.00060778,0.7142857142857143,0.7857142857142857,0.6666666666666666,0.5357142857142857
2020-01-24,2020-01-24,24,1,2020,0,0,United_States_of_America,US,USA,329064917.0,America,0.00030389,0.5714285714285714,0.7857142857142857,0.6190476190476191,0.5
2020-01-23,2020-01-23,23,1,2020,0,0,United_States_of_America,US,USA,329064917.0,America,0.00030389,0.5714285714285714,0.7142857142857143,0.5714285714285714,0.5
2020-01-22,2020-01-22,22,1,2020,0,0,United_States_of_America,US,USA,329064917.0,America,0.00030389,0.5714285714285714,0.7142857142857143,0.5714285714285714,0.5
2020-01-21,2020-01-21,21,1,2020,1,0,United_States_of_America,US,USA,329064917.0,America,0.00030389,0.7142857142857143,0.7857142857142857,0.5714285714285714,0.5357142857142857
2020-01-20,2020-01-20,20,1,2020,0,0,United_States_of_America,US,USA,329064917.0,America,0.0,0.2857142857142857,0.5714285714285714,0.5714285714285714,0.5357142857142857
2020-01-19,2020-01-19,19,1,2020,0,0,United_States_of_America,US,USA,329064917.0,America,0.0,0.2857142857142857,0.5,0.5714285714285714,0.5357142857142857
2020-01-18,2020-01-18,18,1,2020,0,0,United_States_of_America,US,USA,329064917.0,America,0.0,0.14285714285714285,0.42857142857142855,0.5714285714285714,0.5357142857142857
2020-01-17,2020-01-17,17,1,2020,0,0,United_States_of_America,US,USA,329064917.0,America,0.0,0.14285714285714285,0.35714285714285715,0.5714285714285714,0.5
2020-01-16,2020-01-16,16,1,2020,0,0,United_States_of_America,US,USA,329064917.0,America,0.0,0.14285714285714285,0.35714285714285715,0.5238095238095238,0.4642857142857143
2020-01-15,2020-01-15,15,1,2020,0,0,United_States_of_America,US,USA,329064917.0,America,0.0,0.14285714285714285,0.35714285714285715,0.5238095238095238,0.4642857142857143
2020-01-14,2020-01-14,14,1,2020,0,0,United_States_of_America,US,USA,329064917.0,America,0.0,0.0,0.35714285714285715,0.5238095238095238,0.42857142857142855
2020-01-13,2020-01-13,13,1,2020,0,0,United_States_of_America,US,USA,329064917.0,America,0.0,0.0,0.14285714285714285,0.38095238095238093,0.42857142857142855
2020-12-01,2020-12-01,12,1,2020,0,0,United_States_of_America,US,USA,329064917.0,America,,0.0,0.14285714285714285,0.3333333333333333,0.42857142857142855
2020-11-01,2020-11-01,11,1,2020,0,0,United_States_of_America,US,USA,329064917.0,America,,0.0,0.07142857142857142,0.2857142857142857,0.42857142857142855
2020-10-01,2020-10-01,10,1,2020,0,0,United_States_of_America,US,USA,329064917.0,America,,0.0,0.07142857142857142,0.23809523809523808,0.42857142857142855
2020-09-01,2020-09-01,9,1,2020,0,0,United_States_of_America,US,USA,329064917.0,America,,0.0,0.07142857142857142,0.23809523809523808,0.39285714285714285
2020-08-01,2020-08-01,8,1,2020,0,0,United_States_of_America,US,USA,329064917.0,America,,0.0,0.07142857142857142,0.23809523809523808,0.39285714285714285
2020-07-01,2020-07-01,7,1,2020,0,0,United_States_of_America,US,USA,329064917.0,America,,0.0,0.0,0.23809523809523808,0.39285714285714285
2020-06-01,2020-06-01,6,1,2020,0,0,United_States_of_America,US,USA,329064917.0,America,,0.0,0.0,0.09523809523809523,0.2857142857142857
2020-05-01,2020-05-01,5,1,2020,0,0,United_States_of_America,US,USA,329064917.0,America,,0.0,0.0,0.09523809523809523,0.25
2020-04-01,2020-04-01,4,1,2020,0,0,United_States_of_America,US,USA,329064917.0,America,,0.0,0.0,0.047619047619047616,0.21428571428571427
2020-03-01,2020-03-01,3,1,2020,0,0,United_States_of_America,US,USA,329064917.0,America,,0.0,0.0,0.047619047619047616,0.17857142857142858
2020-02-01,2020-02-01,2,1,2020,0,0,United_States_of_America,US,USA,329064917.0,America,,0.0,0.0,0.047619047619047616,0.17857142857142858
2020-01-01,2020-01-01,1,1,2020,0,0,United_States_of_America,US,USA,329064917.0,America,,0.0,0.0,0.047619047619047616,0.17857142857142858
2019-12-31,2019-12-31,31,12,2019,0,0,United_States_of_America,US,USA,329064917.0,America,,0.0,0.0,0.0,0.17857142857142858
